Workbook
Name HELLO: _xludf.LAMBDA(_xlpm.name, _xldudf_BOARDFLARE_EXEC("hello", _xlpm.name))

Sheet  Home
A1: STT | B1: Hạng mục | C1: Tên cụm | D1: Mã hoá cụm | E1: Tên địa chỉ | F1: Ký hiệu | G1: Lượng hàng | H1: Degisn_Cap (đơn vị 1000 TEU/năm)
A2: Hub Lạch Huyện - Cấp I (NĂM 2030: 3 300)
A3: 1 | B3: ICD | C3: Hải Phòng | D3: ICD1-HP | E3: ICD Tân Cảng Hải Phòng | F3: ICDHP1-1 | G3: 300 | H3: 750
E4: ICD Đình Vũ + Nam Đình Vũ | F4: ICDHP2-1 | G4: 450
A5: 2 | B5: KCN | D5: KCN1-HP | E5: VinFast Factory (FVF) | F5: KCNHP1 | G5: 101 | H5: 977
E6: Đình Vũ | F6: KCNHP2 | G6: 439
E7: Nam Đình Vũ | F7: KCNHP3 | G7: 275 | K7: CẢNG LẠCH HUYỆN
E8: DEEP C Hải phòng 3 | F8: KCNHP4 | G8: 162 | K8: ICD Tân Cảng Hải Phòng
A9: 3 | B9: Cảng sông bến thuỷ | C9: Cụm sông Cấm | D9: CS1-HP | E9: Cảng Green Port- Tư nhân | F9: CSBTSC1 | G9: 130 | H9: 800 | K9: kcn đình vũ
E10: Cảng Nam Hải | F10: CSBTSC2 | G10: 100 | K10: cụm cảng sông cấm
E11: Cảng Chùa Vẽ | F11: CSBTSC3 | G11: 160 | K11: ICD Tân Cảng Quế Võ
E12: cảng 128 | F12: CSBTSC4 | G12: 60 | K12: ICD Long Biên
E13: Cảng Hái An | F13: CSBTSC5 | G13: 270 | K13: Trung tâm Logistics Quốc tế Bắc Giang
E14: cảng Công ty TNHH MTV 189 | F14: CSBTSC6 | G14: 80 | K14: cụm kcn hà nội
A15: Trung gian vùng-Cấp II | K15: cụm kcn bắc ninh
A16: 1 | B16: ICD | C16: Bắc Ninh | D16: ICD2-BN | E16: ICD Tân Cảng Quế Võ | F16: ICDBN1 | G16: 250 | H16: 530 | K16: cụm kcn hưng yên
E17: Cảng Tân Chi (Bắc Ninh) | F17: ICDBN2 | G17: 160 | K17: 2XF9+4H3, Phú Sơn, Gia Lâm, Hà Nội
E18: ICD Tiên Sơn | F18: ICDBN3 | G18: 120 | K18: VSIP Bắc Ninh
C19: Hà Nội | D19: ICD2-HN | E19: Cảng cạn Đông Anh | F19: ICDHN1 | G19: 150 | H19: 285
E20: ICD Long Biên | F20: ICDHN2 | G20: 135
A21: 2 | B21: DC | C21: Bắc Ninh | D21: DC2-BN | E21: Trung tâm Logistics Quốc tế Bắc Giang | F21: SCTBN | G21: 280 | H21: 280
A22: 3 | B22: KCN | C22: Hà Nội (tỉ lệ xnk 40:60) tỉ trọng xuất khẩu tắng ~31%) | D22: KCN2-HN | E22: Thăng Long | F22: KCNHN1 | G22: 180 | H22: 815
E23: Nam Thăng Long | F23: KCNHN2 | G23: 13
E24: Nội Bài | F24: KCNHN3 | G24: 45
E25: Sài Đồng B | F25: KCNHN4 | G25: 127
E26: Hà Nội - Đài Tư | F26: KCNHN5 | G26: 18
E27: Thạch Thất - Quốc Oai | F27: KCNHN6 | G27: 72
E28: Phú Nghĩa | F28: KCNHN7 | G28: 360
C29: Bắc Ninh (tỉ lệ xnk 53:47) xuất siêu | D29: KCN2-BN | E29: Quế Võ I - II - III | F29: KCNBN1 | G29: 900 | H29: 3348
E30: Đại Đồng - Hoàn Sơn | F30: KCNBN2 | G30: 720
E31: Thuận Thành I - II | F31: KCNBN3 | G31: 360
E32: Tiên Sơn (GĐ1&MR) | F32: KCNBN4 | G32: 270
E33: Yên Phong I - II | F33: KCNBN5 | G33: 360
E34: VSIP- VSIP II | F34: KCNBN6 | G34: 540
E35: Gia Bình - 1 - 2 | F35: KCNBN7 | G35: 90
E36: Lương Tài 1 -2 | F36: KCNBN8 | G36: 54
E37: Yên Phong II - A | F37: KCNBN9 | G37: 54
C38: Hưng Yên (tỉ lệ xnk 52:48) ổn định xuất siêu từ 2025 | D38: KCN2-HY | E38: Phố Nối A - B | F38: KCNHY1 | G38: 720 | H38: 1251
E39: Minh Đức | F39: KCNHY2 | G39: 72
E40: Yên Mỹ - II | F40: KCNHY3 | G40: 180
E41: Số 1 - 7 | F41: KCNHY4 | G41: 135
E42: Lý Thường Kiệt - VIDIFI | F42: KCNHY5 | G42: 27
E43: KCN Sông Trà (TB) | F43: KCNHY6 | G43: 45
E44: Phù Cừ - Tiên Lữ | F44: KCNHY7 | G44: 72
B45: Cấp III
A46: 4 | B46: DC | C46: Supra DC - Masan ( Bắc Ninh) XNK dự báo 2030: 382.74 tỷ USD(50/50) | D46: MASAN | E46: Khu CN Yên Mỹ II | F46: SCTDC1 | G46: 94 | H46: 492
E47: VSIP Bắc Ninh | F47: SCTDC2 | G47: 200
E48: VSIP Yên Phong | F48: SCTDC3 | G48: 198
C49: AEON NORTH RDC | D49: AEON | E49: 2XF9+4H3, Phú Sơn, Gia Lâm, Hà Nội | F49: SCTAE | G49: 5 | H49: 20

Sheet Nodes
A1: No. | B1: Node_Name | C1: Tier | D1: Node_Type | E1: Design_Cap
A2: 1 | B2: CẢNG LẠCH HUYỆN | C2: 0 | D2: Port | E2: =3300*1000 -> 3300000
A3: 2 | B3: ICD1-HP | C3: 1 | D3: Transshipment | E3: =_xlfn.XLOOKUP(B3, ' Home'!$D$2:$D$49, ' Home'!$H$2:$H$49, "Không tìm thấy")*1000 -> 750000
A4: 3 | B4: KCN1-HP | C4: 1 | D4: Source | E4: =_xlfn.XLOOKUP(B4, ' Home'!$D$2:$D$49, ' Home'!$H$2:$H$49, "Không tìm thấy")*1000 -> 977000
A5: 4 | B5: CS1-HP | C5: 1 | D5: Transshipment | E5: =_xlfn.XLOOKUP(B5, ' Home'!$D$2:$D$49, ' Home'!$H$2:$H$49, "Không tìm thấy")*1000 -> 800000
A6: 5 | B6: ICD2-BN | C6: 2 | D6: Transshipment | E6: =_xlfn.XLOOKUP(B6, ' Home'!$D$2:$D$49, ' Home'!$H$2:$H$49, "Không tìm thấy")*1000 -> 530000
A7: 6 | B7: ICD2-HN | C7: 2 | D7: Transshipment | E7: =_xlfn.XLOOKUP(B7, ' Home'!$D$2:$D$49, ' Home'!$H$2:$H$49, "Không tìm thấy")*1000 -> 285000
A8: 7 | B8: DC2-BN | C8: 2 | D8: Sink | E8: =_xlfn.XLOOKUP(B8, ' Home'!$D$2:$D$49, ' Home'!$H$2:$H$49, "Không tìm thấy")*1000 -> 280000
A9: 8 | B9: KCN2-HN | C9: 2 | D9: Sink | E9: =_xlfn.XLOOKUP(B9, ' Home'!$D$2:$D$49, ' Home'!$H$2:$H$49, "Không tìm thấy")*1000 -> 815000
A10: 9 | B10: KCN2-BN | C10: 2 | D10: Source | E10: =_xlfn.XLOOKUP(B10, ' Home'!$D$2:$D$49, ' Home'!$H$2:$H$49, "Không tìm thấy")*1000 -> 3348000
A11: 10 | B11: KCN2-HY | C11: 2 | D11: Sink | E11: =_xlfn.XLOOKUP(B11, ' Home'!$D$2:$D$49, ' Home'!$H$2:$H$49, "Không tìm thấy")*1000 -> 1251000
A12: 11 | B12: MASAN | C12: 3 | D12: Sink | E12: =_xlfn.XLOOKUP(B12, ' Home'!$D$2:$D$49, ' Home'!$H$2:$H$49, "Không tìm thấy")*1000 -> 492000
A13: 12 | B13: AEON | C13: 3 | D13: Sink | E13: =_xlfn.XLOOKUP(B13, ' Home'!$D$2:$D$49, ' Home'!$H$2:$H$49, "Không tìm thấy")*1000 -> 20000

Sheet Cost
A1: Loại vận tải | B1: Chi phí trung bình (USD/TEU-km')
A2: Road | B2: 1
A3: Barge | B3: 0.4
A4: Rail | B4: 0.25
A6: MỨC ĐỘ 1 - BẮTBUỘC: BỔ SUNG CAPACITY (Cap_ij) | B6: Cột 1
A7: Loại tuyến | B7: Năng lực
A8: Quãng ngắn (<50km) | B8: 800000
A9: Quãng trung bình (50-150km) | B9: 500000
A10: Quãng dài (>150km) | B10: 340000
A11: Đường thuỷ | B11: 500000
A12: Đường sắt | B12: 1000000
A14: MỨC ĐỘ 1 - BẮTBUỘC: BỔ SUNG FIXED COST (FC_ij) | B14: Cột 3
A15: Loại tuyến | B15: Gợi ý cụ thể
A16: Road | B16: =1000000*6 -> 6000000
A17: Barge | B17: =1000000*20 -> 20000000
A18: Rail | B18: =1000000*80 -> 80000000

Sheet Arcs
A1: From | B1: To | C1: Mode | D1: Distance (km) | E1: UnitCost (USD/TEU-km) | F1: Cap | G1: FixedCost | H1: Enabled | I1: IsExport | J1: Note
A2: CẢNG LẠCH HUYỆN | B2: ICD1-HP | C2: Road | D2: 17 | E2: =IF(C2="","",IFERROR(INDEX(Cost!$B$2:$B$4, MATCH("*" & C2 & "*", Cost!$A$2:$A$4, 0)), "Lỗi dữ liệu")) -> 1 | F2: {=_xlfn.IFS( C2="Road",LOOKUP(D2,{0,50,150},Cost!$B$8:$B$10), C2="Barge",Cost!$B$11, C2="Rail",Cost!$B$12, TRUE,0 )} -> 800000 | G2: 0 | H2: 1 | I2: {=IF(TRIM(B2:B291)="CẢNG LẠCH HUYỆN",1,0)} -> 0
A3: CẢNG LẠCH HUYỆN | B3: ICD1-HP | C3: Barge | D3: 25 | E3: {=IF(C3="","",IFERROR(INDEX(Cost!$B$2:$B$4, MATCH("*" & C3 & "*", Cost!$A$2:$A$4, 0)), "Lỗi dữ liệu"))} -> 0.4 | F3: {=_xlfn.IFS( C3="Road",LOOKUP(D3,{0,50,150},Cost!$B$8:$B$10), C3="Barge",Cost!$B$11, C3="Rail",Cost!$B$12, TRUE,0 )} -> 500000 | G3: 0 | H3: 1 | I3: 0
A4: CẢNG LẠCH HUYỆN | B4: KCN1-HP | C4: Road | D4: 15 | E4: {=IF(C4="","",IFERROR(INDEX(Cost!$B$2:$B$4, MATCH("*" & C4 & "*", Cost!$A$2:$A$4, 0)), "Lỗi dữ liệu"))} -> 1 | F4: {=_xlfn.IFS( C4="Road",LOOKUP(D4,{0,50,150},Cost!$B$8:$B$10), C4="Barge",Cost!$B$11, C4="Rail",Cost!$B$12, TRUE,0 )} -> 800000 | G4: 0 | H4: 1 | I4: 0
A5: CẢNG LẠCH HUYỆN | B5: KCN1-HP | C5: Barge | D5: 20 | E5: {=IF(C5="","",IFERROR(INDEX(Cost!$B$2:$B$4, MATCH("*" & C5 & "*", Cost!$A$2:$A$4, 0)), "Lỗi dữ liệu"))} -> 0.4 | F5: {=_xlfn.IFS( C5="Road",LOOKUP(D5,{0,50,150},Cost!$B$8:$B$10), C5="Barge",Cost!$B$11, C5="Rail",Cost!$B$12, TRUE,0 )} -> 500000 | G5: 0 | H5: 1 | I5: 0
A6: CẢNG LẠCH HUYỆN | B6: CS1-HP | C6: Road | D6: 25 | E6: {=IF(C6="","",IFERROR(INDEX(Cost!$B$2:$B$4, MATCH("*" & C6 & "*", Cost!$A$2:$A$4, 0)), "Lỗi dữ liệu"))} -> 1 | F6: {=_xlfn.IFS( C6="Road",LOOKUP(D6,{0,50,150},Cost!$B$8:$B$10), C6="Barge",Cost!$B$11, C6="Rail",Cost!$B$12, TRUE,0 )} -> 800000 | G6: 0 | H6: 1 | I6: 0
A7: CẢNG LẠCH HUYỆN | B7: CS1-HP | C7: Barge | D7: 28 | E7: {=IF(C7="","",IFERROR(INDEX(Cost!$B$2:$B$4, MATCH("*" & C7 & "*", Cost!$A$2:$A$4, 0)), "Lỗi dữ liệu"))} -> 0.4 | F7: {=_xlfn.IFS( C7="Road",LOOKUP(D7,{0,50,150},Cost!$B$8:$B$10), C7="Barge",Cost!$B$11, C7="Rail",Cost!$B$12, TRUE,0 )} -> 500000 | G7: 0 | H7: 1 | I7: 0
A8: CẢNG LẠCH HUYỆN | B8: ICD2-BN | C8: Road | D8: 115 | E8: {=IF(C8="","",IFERROR(INDEX(Cost!$B$2:$B$4, MATCH("*" & C8 & "*", Cost!$A$2:$A$4, 0)), "Lỗi dữ liệu"))} -> 1 | F8: {=_xlfn.IFS( C8="Road",LOOKUP(D8,{0,50,150},Cost!$B$8:$B$10), C8="Barge",Cost!$B$11, C8="Rail",Cost!$B$12, TRUE,0 )} -> 500000 | G8: 0 | H8: 1 | I8: 0
A9: CẢNG LẠCH HUYỆN | B9: ICD2-BN | C9: Barge | D9: 130 | E9: {=IF(C9="","",IFERROR(INDEX(Cost!$B$2:$B$4, MATCH("*" & C9 & "*", Cost!$A$2:$A$4, 0)), "Lỗi dữ liệu"))} -> 0.4 | F9: {=_xlfn.IFS( C9="Road",LOOKUP(D9,{0,50,150},Cost!$B$8:$B$10), C9="Barge",Cost!$B$11, C9="Rail",Cost!$B$12, TRUE,0 )} -> 500000 | G9: 0 | H9: 1 | I9: 0
A10: CẢNG LẠCH HUYỆN | B10: ICD2-BN | C10: Rail | D10: 120 | E10: {=IF(C10="","",IFERROR(INDEX(Cost!$B$2:$B$4, MATCH("*" & C10 & "*", Cost!$A$2:$A$4, 0)), "Lỗi dữ liệu"))} -> 0.25 | F10: {=_xlfn.IFS( C10="Road",LOOKUP(D10,{0,50,150},Cost!$B$8:$B$10), C10="Barge",Cost!$B$11, C10="Rail",Cost!$B$12, TRUE,0 )} -> 1000000 | G10: =IF(C10="","",IFERROR(INDEX(Cost!$B$16:$B$18, MATCH("*" & C10 & "*", Cost!$A$2:$A$4, 0)), "Lỗi dữ liệu")) -> 80000000 | H10: 1 | I10: 0
A11: CẢNG LẠCH HUYỆN | B11: ICD2-HN | C11: Road | D11: 130 | E11: {=IF(C11="","",IFERROR(INDEX(Cost!$B$2:$B$4, MATCH("*" & C11 & "*", Cost!$A$2:$A$4, 0)), "Lỗi dữ liệu"))} -> 1 | F11: {=_xlfn.IFS( C11="Road",LOOKUP(D11,{0,50,150},Cost!$B$8:$B$10), C11="Barge",Cost!$B$11, C11="Rail",Cost!$B$12, TRUE,0 )} -> 500000 | G11: 0 | H11: 1 | I11: 0
A12: CẢNG LẠCH HUYỆN | B12: ICD2-HN | C12: Barge | D12: 145 | E12: {=IF(C12="","",IFERROR(INDEX(Cost!$B$2:$B$4, MATCH("*" & C12 & "*", Cost!$A$2:$A$4, 0)), "Lỗi dữ liệu"))} -> 0.4 | F12: {=_xlfn.IFS( C12="Road",LOOKUP(D12,{0,50,150},Cost!$B$8:$B$10), C12="Barge",Cost!$B$11, C12="Rail",Cost!$B$12, TRUE,0 )} -> 500000 | G12: =IF(C12="","",IFERROR(INDEX(Cost!$B$16:$B$18, MATCH("*" & C12 & "*", Cost!$A$2:$A$4, 0)), "Lỗi dữ liệu")) -> 20000000 | H12: 1 | I12: 0
A13: CẢNG LẠCH HUYỆN | B13: ICD2-HN | C13: Rail | D13: 135 | E13: {=IF(C13="","",IFERROR(INDEX(Cost!$B$2:$B$4, MATCH("*" & C13 & "*", Cost!$A$2:$A$4, 0)), "Lỗi dữ liệu"))} -> 0.25 | F13: {=_xlfn.IFS( C13="Road",LOOKUP(D13,{0,50,150},Cost!$B$8:$B$10), C13="Barge",Cost!$B$11, C13="Rail",Cost!$B$12, TRUE,0 )} -> 1000000 | G13: 5000000 | H13: 1 | I13: 0
A14: CẢNG LẠCH HUYỆN | B14: DC2-BN | C14: Road | D14: 115 | E14: {=IF(C14="","",IFERROR(INDEX(Cost!$B$2:$B$4, MATCH("*" & C14 & "*", Cost!$A$2:$A$4, 0)), "Lỗi dữ liệu"))} -> 1 | F14: {=_xlfn.IFS( C14="Road",LOOKUP(D14,{0,50,150},Cost!$B$8:$B$10), C14="Barge",Cost!$B$11, C14="Rail",Cost!$B$12, TRUE,0 )} -> 500000 | G14: 0 | H14: 1 | I14: 0
A15: CẢNG LẠCH HUYỆN | B15: DC2-BN | C15: Barge | D15: 130 | E15: {=IF(C15="","",IFERROR(INDEX(Cost!$B$2:$B$4, MATCH("*" & C15 & "*", Cost!$A$2:$A$4, 0)), "Lỗi dữ liệu"))} -> 0.4 | F15: {=_xlfn.IFS( C15="Road",LOOKUP(D15,{0,50,150},Cost!$B$8:$B$10), C15="Barge",Cost!$B$11, C15="Rail",Cost!$B$12, TRUE,0 )} -> 500000 | G15: =IF(C15="","",IFERROR(INDEX(Cost!$B$16:$B$18, MATCH("*" & C15 & "*", Cost!$A$2:$A$4, 0)), "Lỗi dữ liệu")) -> 20000000 | H15: 1 | I15: 0
A16: CẢNG LẠCH HUYỆN | B16: DC2-BN | C16: Rail | D16: 120 | E16: {=IF(C16="","",IFERROR(INDEX(Cost!$B$2:$B$4, MATCH("*" & C16 & "*", Cost!$A$2:$A$4, 0)), "Lỗi dữ liệu"))} -> 0.25 | F16: {=_xlfn.IFS( C16="Road",LOOKUP(D16,{0,50,150},Cost!$B$8:$B$10), C16="Barge",Cost!$B$11, C16="Rail",Cost!$B$12, TRUE,0 )} -> 1000000 | G16: =IF(C16="","",IFERROR(INDEX(Cost!$B$16:$B$18, MATCH("*" & C16 & "*", Cost!$A$2:$A$4, 0)), "Lỗi dữ liệu")) -> 80000000 | H16: 1 | I16: 0
A17: CẢNG LẠCH HUYỆN | B17: KCN2-HN | C17: Road | D17: 130 | E17: {=IF(C17="","",IFERROR(INDEX(Cost!$B$2:$B$4, MATCH("*" & C17 & "*", Cost!$A$2:$A$4, 0)), "Lỗi dữ liệu"))} -> 1 | F17: {=_xlfn.IFS( C17="Road",LOOKUP(D17,{0,50,150},Cost!$B$8:$B$10), C17="Barge",Cost!$B$11, C17="Rail",Cost!$B$12, TRUE,0 )} -> 500000 | G17: 0 | H17: 1 | I17: 0
A18: CẢNG LẠCH HUYỆN | B18: KCN2-HN | C18: Barge | D18: 145 | E18: {=IF(C18="","",IFERROR(INDEX(Cost!$B$2:$B$4, MATCH("*" & C18 & "*", Cost!$A$2:$A$4, 0)), "Lỗi dữ liệu"))} -> 0.4 | F18: {=_xlfn.IFS( C18="Road",LOOKUP(D18,{0,50,150},Cost!$B$8:$B$10), C18="Barge",Cost!$B$11, C18="Rail",Cost!$B$12, TRUE,0 )} -> 500000 | G18: =IF(C18="","",IFERROR(INDEX(Cost!$B$16:$B$18, MATCH("*" & C18 & "*", Cost!$A$2:$A$4, 0)), "Lỗi dữ liệu")) -> 20000000 | H18: 1 | I18: 0
A19: CẢNG LẠCH HUYỆN | B19: KCN2-HN | C19: Rail | D19: 130 | E19: {=IF(C19="","",IFERROR(INDEX(Cost!$B$2:$B$4, MATCH("*" & C19 & "*", Cost!$A$2:$A$4, 0)), "Lỗi dữ liệu"))} -> 0.25 | F19: {=_xlfn.IFS( C19="Road",LOOKUP(D19,{0,50,150},Cost!$B$8:$B$10), C19="Barge",Cost!$B$11, C19="Rail",Cost!$B$12, TRUE,0 )} -> 1000000 | G19: =IF(C19="","",IFERROR(INDEX(Cost!$B$16:$B$18, MATCH("*" & C19 & "*", Cost!$A$2:$A$4, 0)), "Lỗi dữ liệu")) -> 80000000 | H19: 1 | I19: 0
A20: CẢNG LẠCH HUYỆN | B20: KCN2-BN | C20: Road | D20: 115 | E20: {=IF(C20="","",IFERROR(INDEX(Cost!$B$2:$B$4, MATCH("*" & C20 & "*", Cost!$A$2:$A$4, 0)), "Lỗi dữ liệu"))} -> 1 | F20: {=_xlfn.IFS( C20="Road",LOOKUP(D20,{0,50,150},Cost!$B$8:$B$10), C20="Barge",Cost!$B$11, C20="Rail",Cost!$B$12, TRUE,0 )} -> 500000 | G20: 0 | H20: 1 | I20: 0
A21: CẢNG LẠCH HUYỆN | B21: KCN2-BN | C21: Rail | D21: 120 | E21: {=IF(C21="","",IFERROR(INDEX(Cost!$B$2:$B$4, MATCH("*" & C21 & "*", Cost!$A$2:$A$4, 0)), "Lỗi dữ liệu"))} -> 0.25 | F21: {=_xlfn.IFS( C21="Road",LOOKUP(D21,{0,50,150},Cost!$B$8:$B$10), C21="Barge",Cost!$B$11, C21="Rail",Cost!$B$12, TRUE,0 )} -> 1000000 | G21: =IF(C21="","",IFERROR(INDEX(Cost!$B$16:$B$18, MATCH("*" & C21 & "*", Cost!$A$2:$A$4, 0)), "Lỗi dữ liệu")) -> 80000000 | H21: 1 | I21: 0
A22: CẢNG LẠCH HUYỆN | B22: KCN2-HY | C22: Road | D22: 110 | E22: {=IF(C22="","",IFERROR(INDEX(Cost!$B$2:$B$4, MATCH("*" & C22 & "*", Cost!$A$2:$A$4, 0)), "Lỗi dữ liệu"))} -> 1 | F22: {=_xlfn.IFS( C22="Road",LOOKUP(D22,{0,50,150},Cost!$B$8:$B$10), C22="Barge",Cost!$B$11, C22="Rail",Cost!$B$12, TRUE,0 )} -> 500000 | G22: 0 | H22: 1 | I22: 0
A23: CẢNG LẠCH HUYỆN | B23: KCN2-HY | C23: Barge | D23: 125 | E23: {=IF(C23="","",IFERROR(INDEX(Cost!$B$2:$B$4, MATCH("*" & C23 & "*", Cost!$A$2:$A$4, 0)), "Lỗi dữ liệu"))} -> 0.4 | F23: {=_xlfn.IFS( C23="Road",LOOKUP(D23,{0,50,150},Cost!$B$8:$B$10), C23="Barge",Cost!$B$11, C23="Rail",Cost!$B$12, TRUE,0 )} -> 500000 | G23: =IF(C23="","",IFERROR(INDEX(Cost!$B$16:$B$18, MATCH("*" & C23 & "*", Cost!$A$2:$A$4, 0)), "Lỗi dữ liệu")) -> 20000000 | H23: 1 | I23: 0
A24: CẢNG LẠCH HUYỆN | B24: MASAN | C24: Road | D24: 120 | E24: {=IF(C24="","",IFERROR(INDEX(Cost!$B$2:$B$4, MATCH("*" & C24 & "*", Cost!$A$2:$A$4, 0)), "Lỗi dữ liệu"))} -> 1 | F24: {=_xlfn.IFS( C24="Road",LOOKUP(D24,{0,50,150},Cost!$B$8:$B$10), C24="Barge",Cost!$B$11, C24="Rail",Cost!$B$12, TRUE,0 )} -> 500000 | G24: 0 | H24: 1 | I24: 0
A25: CẢNG LẠCH HUYỆN | B25: MASAN | C25: Barge | D25: 135 | E25: {=IF(C25="","",IFERROR(INDEX(Cost!$B$2:$B$4, MATCH("*" & C25 & "*", Cost!$A$2:$A$4, 0)), "Lỗi dữ liệu"))} -> 0.4 | F25: {=_xlfn.IFS( C25="Road",LOOKUP(D25,{0,50,150},Cost!$B$8:$B$10), C25="Barge",Cost!$B$11, C25="Rail",Cost!$B$12, TRUE,0 )} -> 500000 | G25: =IF(C25="","",IFERROR(INDEX(Cost!$B$16:$B$18, MATCH("*" & C25 & "*", Cost!$A$2:$A$4, 0)), "Lỗi dữ liệu")) -> 20000000 | H25: 1 | I25: 0
A26: CẢNG LẠCH HUYỆN | B26: MASAN | C26: Rail | D26: 125 | E26: {=IF(C26="","",IFERROR(INDEX(Cost!$B$2:$B$4, MATCH("*" & C26 & "*", Cost!$A$2:$A$4, 0)), "Lỗi dữ liệu"))} -> 0.25 | F26: {=_xlfn.IFS( C26="Road",LOOKUP(D26,{0,50,150},Cost!$B$8:$B$10), C26="Barge",Cost!$B$11, C26="Rail",Cost!$B$12, TRUE,0 )} -> 1000000 | G26: =IF(C26="","",IFERROR(INDEX(Cost!$B$16:$B$18, MATCH("*" & C26 & "*", Cost!$A$2:$A$4, 0)), "Lỗi dữ liệu")) -> 80000000 | H26: 1 | I26: 0
A27: CẢNG LẠCH HUYỆN | B27: AEON | C27: Road | D27: 125 | E27: {=IF(C27="","",IFERROR(INDEX(Cost!$B$2:$B$4, MATCH("*" & C27 & "*", Cost!$A$2:$A$4, 0)), "Lỗi dữ liệu"))} -> 1 | F27: {=_xlfn.IFS( C27="Road",LOOKUP(D27,{0,50,150},Cost!$B$8:$B$10), C27="Barge",Cost!$B$11, C27="Rail",Cost!$B$12, TRUE,0 )} -> 500000 | G27: =IF(C27="","",IFERROR(INDEX(Cost!$B$16:$B$18, MATCH("*" & C27 & "*", Cost!$A$2:$A$4, 0)), "Lỗi dữ liệu")) -> 6000000 | H27: 1 | I27: 0
A28: CẢNG LẠCH HUYỆN | B28: AEON | C28: Barge | D28: 140 | E28: {=IF(C28="","",IFERROR(INDEX(Cost!$B$2:$B$4, MATCH("*" & C28 & "*", Cost!$A$2:$A$4, 0)), "Lỗi dữ liệu"))} -> 0.4 | F28: {=_xlfn.IFS( C28="Road",LOOKUP(D28,{0,50,150},Cost!$B$8:$B$10), C28="Barge",Cost!$B$11, C28="Rail",Cost!$B$12, TRUE,0 )} -> 500000 | G28: =IF(C28="","",IFERROR(INDEX(Cost!$B$16:$B$18, MATCH("*" & C28 & "*", Cost!$A$2:$A$4, 0)), "Lỗi dữ liệu")) -> 20000000 | H28: 1 | I28: 0
A29: CẢNG LẠCH HUYỆN | B29: AEON | C29: Rail | D29: 130 | E29: {=IF(C29="","",IFERROR(INDEX(Cost!$B$2:$B$4, MATCH("*" & C29 & "*", Cost!$A$2:$A$4, 0)), "Lỗi dữ liệu"))} -> 0.25 | F29: {=_xlfn.IFS( C29="Road",LOOKUP(D29,{0,50,150},Cost!$B$8:$B$10), C29="Barge",Cost!$B$11, C29="Rail",Cost!$B$12, TRUE,0 )} -> 1000000 | G29: =IF(C29="","",IFERROR(INDEX(Cost!$B$16:$B$18, MATCH("*" & C29 & "*", Cost!$A$2:$A$4, 0)), "Lỗi dữ liệu")) -> 80000000 | H29: 1 | I29: 0
A30: ICD1-HP | B30: CẢNG LẠCH HUYỆN | C30: Road | D30: 35 | E30: {=IF(C30="","",IFERROR(INDEX(Cost!$B$2:$B$4, MATCH("*" & C30 & "*", Cost!$A$2:$A$4, 0)), "Lỗi dữ liệu"))} -> 1 | F30: {=_xlfn.IFS( C30="Road",LOOKUP(D30,{0,50,150},Cost!$B$8:$B$10), C30="Barge",Cost!$B$11, C30="Rail",Cost!$B$12, TRUE,0 )} -> 800000 | G30: 0 | H30: 1 | I30: 1
A31: ICD1-HP | B31: CẢNG LẠCH HUYỆN | C31: Barge | D31: 40 | E31: {=IF(C31="","",IFERROR(INDEX(Cost!$B$2:$B$4, MATCH("*" & C31 & "*", Cost!$A$2:$A$4, 0)), "Lỗi dữ liệu"))} -> 0.4 | F31: {=_xlfn.IFS( C31="Road",LOOKUP(D31,{0,50,150},Cost!$B$8:$B$10), C31="Barge",Cost!$B$11, C31="Rail",Cost!$B$12, TRUE,0 )} -> 500000 | G31: =IF(C31="","",IFERROR(INDEX(Cost!$B$16:$B$18, MATCH("*" & C31 & "*", Cost!$A$2:$A$4, 0)), "Lỗi dữ liệu")) -> 20000000 | H31: 1 | I31: 1
A32: ICD1-HP | B32: KCN1-HP | C32: Road | D32: 15 | E32: {=IF(C32="","",IFERROR(INDEX(Cost!$B$2:$B$4, MATCH("*" & C32 & "*", Cost!$A$2:$A$4, 0)), "Lỗi dữ liệu"))} -> 1 | F32: {=_xlfn.IFS( C32="Road",LOOKUP(D32,{0,50,150},Cost!$B$8:$B$10), C32="Barge",Cost!$B$11, C32="Rail",Cost!$B$12, TRUE,0 )} -> 800000 | G32: 0 | H32: 1 | I32: 0
A33: ICD1-HP | B33: KCN1-HP | C33: Barge | D33: 50 | E33: {=IF(C33="","",IFERROR(INDEX(Cost!$B$2:$B$4, MATCH("*" & C33 & "*", Cost!$A$2:$A$4, 0)), "Lỗi dữ liệu"))} -> 0.4 | F33: {=_xlfn.IFS( C33="Road",LOOKUP(D33,{0,50,150},Cost!$B$8:$B$10), C33="Barge",Cost!$B$11, C33="Rail",Cost!$B$12, TRUE,0 )} -> 500000 | G33: =IF(C33="","",IFERROR(INDEX(Cost!$B$16:$B$18, MATCH("*" & C33 & "*", Cost!$A$2:$A$4, 0)), "Lỗi dữ liệu")) -> 20000000 | H33: 1 | I33: 0
A34: ICD1-HP | B34: KCN1-HP | C34: Rail | D34: 120 | E34: {=IF(C34="","",IFERROR(INDEX(Cost!$B$2:$B$4, MATCH("*" & C34 & "*", Cost!$A$2:$A$4, 0)), "Lỗi dữ liệu"))} -> 0.25 | F34: {=_xlfn.IFS( C34="Road",LOOKUP(D34,{0,50,150},Cost!$B$8:$B$10), C34="Barge",Cost!$B$11, C34="Rail",Cost!$B$12, TRUE,0 )} -> 1000000 | G34: =IF(C34="","",IFERROR(INDEX(Cost!$B$16:$B$18, MATCH("*" & C34 & "*", Cost!$A$2:$A$4, 0)), "Lỗi dữ liệu")) -> 80000000 | H34: 1 | I34: 0
A35: ICD1-HP | B35: CS1-HP | C35: Road | D35: 10 | E35: {=IF(C35="","",IFERROR(INDEX(Cost!$B$2:$B$4, MATCH("*" & C35 & "*", Cost!$A$2:$A$4, 0)), "Lỗi dữ liệu"))} -> 1 | F35: {=_xlfn.IFS( C35="Road",LOOKUP(D35,{0,50,150},Cost!$B$8:$B$10), C35="Barge",Cost!$B$11, C35="Rail",Cost!$B$12, TRUE,0 )} -> 800000 | G35: 0 | H35: 1 | I35: 0
A36: ICD1-HP | B36: CS1-HP | C36: Barge | D36: 15 | E36: {=IF(C36="","",IFERROR(INDEX(Cost!$B$2:$B$4, MATCH("*" & C36 & "*", Cost!$A$2:$A$4, 0)), "Lỗi dữ liệu"))} -> 0.4 | F36: {=_xlfn.IFS( C36="Road",LOOKUP(D36,{0,50,150},Cost!$B$8:$B$10), C36="Barge",Cost!$B$11, C36="Rail",Cost!$B$12, TRUE,0 )} -> 500000 | G36: =IF(C36="","",IFERROR(INDEX(Cost!$B$16:$B$18, MATCH("*" & C36 & "*", Cost!$A$2:$A$4, 0)), "Lỗi dữ liệu")) -> 20000000 | H36: 1 | I36: 0
A37: ICD1-HP | B37: ICD2-BN | C37: Road | D37: 110 | E37: {=IF(C37="","",IFERROR(INDEX(Cost!$B$2:$B$4, MATCH("*" & C37 & "*", Cost!$A$2:$A$4, 0)), "Lỗi dữ liệu"))} -> 1 | F37: {=_xlfn.IFS( C37="Road",LOOKUP(D37,{0,50,150},Cost!$B$8:$B$10), C37="Barge",Cost!$B$11, C37="Rail",Cost!$B$12, TRUE,0 )} -> 500000 | G37: =IF(C37="","",IFERROR(INDEX(Cost!$B$16:$B$18, MATCH("*" & C37 & "*", Cost!$A$2:$A$4, 0)), "Lỗi dữ liệu")) -> 6000000 | H37: 1 | I37: 0
A38: ICD1-HP | B38: ICD2-BN | C38: Barge | D38: 120 | E38: {=IF(C38="","",IFERROR(INDEX(Cost!$B$2:$B$4, MATCH("*" & C38 & "*", Cost!$A$2:$A$4, 0)), "Lỗi dữ liệu"))} -> 0.4 | F38: {=_xlfn.IFS( C38="Road",LOOKUP(D38,{0,50,150},Cost!$B$8:$B$10), C38="Barge",Cost!$B$11, C38="Rail",Cost!$B$12, TRUE,0 )} -> 500000 | G38: =IF(C38="","",IFERROR(INDEX(Cost!$B$16:$B$18, MATCH("*" & C38 & "*", Cost!$A$2:$A$4, 0)), "Lỗi dữ liệu")) -> 20000000 | H38: 1 | I38: 0
A39: ICD1-HP | B39: ICD2-BN | C39: Rail | D39: 115 | E39: {=IF(C39="","",IFERROR(INDEX(Cost!$B$2:$B$4, MATCH("*" & C39 & "*", Cost!$A$2:$A$4, 0)), "Lỗi dữ liệu"))} -> 0.25 | F39: {=_xlfn.IFS( C39="Road",LOOKUP(D39,{0,50,150},Cost!$B$8:$B$10), C39="Barge",Cost!$B$11, C39="Rail",Cost!$B$12, TRUE,0 )} -> 1000000 | G39: =IF(C39="","",IFERROR(INDEX(Cost!$B$16:$B$18, MATCH("*" & C39 & "*", Cost!$A$2:$A$4, 0)), "Lỗi dữ liệu")) -> 80000000 | H39: 1 | I39: 0
A40: ICD1-HP | B40: ICD2-HN | C40: Road | D40: 120 | E40: {=IF(C40="","",IFERROR(INDEX(Cost!$B$2:$B$4, MATCH("*" & C40 & "*", Cost!$A$2:$A$4, 0)), "Lỗi dữ liệu"))} -> 1 | F40: {=_xlfn.IFS( C40="Road",LOOKUP(D40,{0,50,150},Cost!$B$8:$B$10), C40="Barge",Cost!$B$11, C40="Rail",Cost!$B$12, TRUE,0 )} -> 500000 | G40: =IF(C40="","",IFERROR(INDEX(Cost!$B$16:$B$18, MATCH("*" & C40 & "*", Cost!$A$2:$A$4, 0)), "Lỗi dữ liệu")) -> 6000000 | H40: 1 | I40: 0
A41: ICD1-HP | B41: ICD2-HN | C41: Barge | D41: 140 | E41: {=IF(C41="","",IFERROR(INDEX(Cost!$B$2:$B$4, MATCH("*" & C41 & "*", Cost!$A$2:$A$4, 0)), "Lỗi dữ liệu"))} -> 0.4 | F41: {=_xlfn.IFS( C41="Road",LOOKUP(D41,{0,50,150},Cost!$B$8:$B$10), C41="Barge",Cost!$B$11, C41="Rail",Cost!$B$12, TRUE,0 )} -> 500000 | G41: =IF(C41="","",IFERROR(INDEX(Cost!$B$16:$B$18, MATCH("*" & C41 & "*", Cost!$A$2:$A$4, 0)), "Lỗi dữ liệu")) -> 20000000 | H41: 1 | I41: 0
A42: ICD1-HP | B42: ICD2-HN | C42: Rail | D42: 125 | E42: {=IF(C42="","",IFERROR(INDEX(Cost!$B$2:$B$4, MATCH("*" & C42 & "*", Cost!$A$2:$A$4, 0)), "Lỗi dữ liệu"))} -> 0.25 | F42: {=_xlfn.IFS( C42="Road",LOOKUP(D42,{0,50,150},Cost!$B$8:$B$10), C42="Barge",Cost!$B$11, C42="Rail",Cost!$B$12, TRUE,0 )} -> 1000000 | G42: =IF(C42="","",IFERROR(INDEX(Cost!$B$16:$B$18, MATCH("*" & C42 & "*", Cost!$A$2:$A$4, 0)), "Lỗi dữ liệu")) -> 80000000 | H42: 1 | I42: 0
A43: ICD1-HP | B43: DC2-BN | C43: Road | D43: 115 | E43: {=IF(C43="","",IFERROR(INDEX(Cost!$B$2:$B$4, MATCH("*" & C43 & "*", Cost!$A$2:$A$4, 0)), "Lỗi dữ liệu"))} -> 1 | F43: {=_xlfn.IFS( C43="Road",LOOKUP(D43,{0,50,150},Cost!$B$8:$B$10), C43="Barge",Cost!$B$11, C43="Rail",Cost!$B$12, TRUE,0 )} -> 500000 | G43: =IF(C43="","",IFERROR(INDEX(Cost!$B$16:$B$18, MATCH("*" & C43 & "*", Cost!$A$2:$A$4, 0)), "Lỗi dữ liệu")) -> 6000000 | H43: 1 | I43: 0
A44: ICD1-HP | B44: DC2-BN | C44: Barge | D44: 125 | E44: {=IF(C44="","",IFERROR(INDEX(Cost!$B$2:$B$4, MATCH("*" & C44 & "*", Cost!$A$2:$A$4, 0)), "Lỗi dữ liệu"))} -> 0.4 | F44: {=_xlfn.IFS( C44="Road",LOOKUP(D44,{0,50,150},Cost!$B$8:$B$10), C44="Barge",Cost!$B$11, C44="Rail",Cost!$B$12, TRUE,0 )} -> 500000 | G44: =IF(C44="","",IFERROR(INDEX(Cost!$B$16:$B$18, MATCH("*" & C44 & "*", Cost!$A$2:$A$4, 0)), "Lỗi dữ liệu")) -> 20000000 | H44: 1 | I44: 0
A45: ICD1-HP | B45: DC2-BN | C45: Rail | D45: 120 | E45: {=IF(C45="","",IFERROR(INDEX(Cost!$B$2:$B$4, MATCH("*" & C45 & "*", Cost!$A$2:$A$4, 0)), "Lỗi dữ liệu"))} -> 0.25 | F45: {=_xlfn.IFS( C45="Road",LOOKUP(D45,{0,50,150},Cost!$B$8:$B$10), C45="Barge",Cost!$B$11, C45="Rail",Cost!$B$12, TRUE,0 )} -> 1000000 | G45: =IF(C45="","",IFERROR(INDEX(Cost!$B$16:$B$18, MATCH("*" & C45 & "*", Cost!$A$2:$A$4, 0)), "Lỗi dữ liệu")) -> 80000000 | H45: 1 | I45: 0
A46: ICD1-HP | B46: KCN2-HN | C46: Road | D46: 125 | E46: {=IF(C46="","",IFERROR(INDEX(Cost!$B$2:$B$4, MATCH("*" & C46 & "*", Cost!$A$2:$A$4, 0)), "Lỗi dữ liệu"))} -> 1 | F46: {=_xlfn.IFS( C46="Road",LOOKUP(D46,{0,50,150},Cost!$B$8:$B$10), C46="Barge",Cost!$B$11, C46="Rail",Cost!$B$12, TRUE,0 )} -> 500000 | G46: =IF(C46="","",IFERROR(INDEX(Cost!$B$16:$B$18, MATCH("*" & C46 & "*", Cost!$A$2:$A$4, 0)), "Lỗi dữ liệu")) -> 6000000 | H46: 1 | I46: 0
A47: ICD1-HP | B47: KCN2-HN | C47: Barge | D47: 145 | E47: {=IF(C47="","",IFERROR(INDEX(Cost!$B$2:$B$4, MATCH("*" & C47 & "*", Cost!$A$2:$A$4, 0)), "Lỗi dữ liệu"))} -> 0.4 | F47: {=_xlfn.IFS( C47="Road",LOOKUP(D47,{0,50,150},Cost!$B$8:$B$10), C47="Barge",Cost!$B$11, C47="Rail",Cost!$B$12, TRUE,0 )} -> 500000 | G47: =IF(C47="","",IFERROR(INDEX(Cost!$B$16:$B$18, MATCH("*" & C47 & "*", Cost!$A$2:$A$4, 0)), "Lỗi dữ liệu")) -> 20000000 | H47: 1 | I47: 0
... A58: ICD1-HP | B58: AEON | C58: Rail | D58: 125 | E58: {=IF(C58="","",IFERROR(INDEX(Cost!$B$2:$B$4, MATCH("*" & C58 & "*", Cost!$A$2:$A$4, 0)), "Lỗi dữ liệu"))} -> 0.25 | F58: {=_xlfn.IFS( C58="Road",LOOKUP(D58,{0,50,150},Cost!$B$8:$B$10), C58="Barge",Cost!$B$11, C58="Rail",Cost!$B$12, TRUE,0 )} -> 1000000 | G58: =IF(C58="","",IFERROR(INDEX(Cost!$B$16:$B$18, MATCH("*" & C58 & "*", Cost!$A$2:$A$4, 0)), "Lỗi dữ liệu")) -> 80000000 | H58: 1 | I58: 0
A59: KCN1-HP | B59: CẢNG LẠCH HUYỆN | C59: Road | D59: 40 | E59: {=IF(C59="","",IFERROR(INDEX(Cost!$B$2:$B$4, MATCH("*" & C59 & "*", Cost!$A$2:$A$4, 0)), "Lỗi dữ liệu"))} -> 1 | F59: {=_xlfn.IFS( C59="Road",LOOKUP(D59,{0,50,150},Cost!$B$8:$B$10), C59="Barge",Cost!$B$11, C59="Rail",Cost!$B$12, TRUE,0 )} -> 800000 | G59: 0 | H59: 1 | I59: 1
A60: KCN1-HP | B60: CẢNG LẠCH HUYỆN | C60: Barge | D60: 45 | E60: {=IF(C60="","",IFERROR(INDEX(Cost!$B$2:$B$4, MATCH("*" & C60 & "*", Cost!$A$2:$A$4, 0)), "Lỗi dữ liệu"))} -> 0.4 | F60: {=_xlfn.IFS( C60="Road",LOOKUP(D60,{0,50,150},Cost!$B$8:$B$10), C60="Barge",Cost!$B$11, C60="Rail",Cost!$B$12, TRUE,0 )} -> 500000 | G60: =IF(C60="","",IFERROR(INDEX(Cost!$B$16:$B$18, MATCH("*" & C60 & "*", Cost!$A$2:$A$4, 0)), "Lỗi dữ liệu")) -> 20000000 | H60: 1 | I60: 1
A61: KCN1-HP | B61: ICD1-HP | C61: Road | D61: 15 | E61: {=IF(C61="","",IFERROR(INDEX(Cost!$B$2:$B$4, MATCH("*" & C61 & "*", Cost!$A$2:$A$4, 0)), "Lỗi dữ liệu"))} -> 1 | F61: {=_xlfn.IFS( C61="Road",LOOKUP(D61,{0,50,150},Cost!$B$8:$B$10), C61="Barge",Cost!$B$11, C61="Rail",Cost!$B$12, TRUE,0 )} -> 800000 | G61: =IF(C61="","",IFERROR(INDEX(Cost!$B$16:$B$18, MATCH("*" & C61 & "*", Cost!$A$2:$A$4, 0)), "Lỗi dữ liệu")) -> 6000000 | H61: 1 | I61: 0
A62: KCN1-HP | B62: ICD1-HP | C62: Barge | D62: 20 | E62: {=IF(C62="","",IFERROR(INDEX(Cost!$B$2:$B$4, MATCH("*" & C62 & "*", Cost!$A$2:$A$4, 0)), "Lỗi dữ liệu"))} -> 0.4 | F62: {=_xlfn.IFS( C62="Road",LOOKUP(D62,{0,50,150},Cost!$B$8:$B$10), C62="Barge",Cost!$B$11, C62="Rail",Cost!$B$12, TRUE,0 )} -> 500000 | G62: =IF(C62="","",IFERROR(INDEX(Cost!$B$16:$B$18, MATCH("*" & C62 & "*", Cost!$A$2:$A$4, 0)), "Lỗi dữ liệu")) -> 20000000 | H62: 1 | I62: 0
A63: KCN1-HP | B63: CS1-HP | C63: Road | D63: 20 | E63: {=IF(C63="","",IFERROR(INDEX(Cost!$B$2:$B$4, MATCH("*" & C63 & "*", Cost!$A$2:$A$4, 0)), "Lỗi dữ liệu"))} -> 1 | F63: {=_xlfn.IFS( C63="Road",LOOKUP(D63,{0,50,150},Cost!$B$8:$B$10), C63="Barge",Cost!$B$11, C63="Rail",Cost!$B$12, TRUE,0 )} -> 800000 | G63: =IF(C63="","",IFERROR(INDEX(Cost!$B$16:$B$18, MATCH("*" & C63 & "*", Cost!$A$2:$A$4, 0)), "Lỗi dữ liệu")) -> 6000000 | H63: 1 | I63: 0
A64: KCN1-HP | B64: CS1-HP | C64: Barge | D64: 30 | E64: {=IF(C64="","",IFERROR(INDEX(Cost!$B$2:$B$4, MATCH("*" & C64 & "*", Cost!$A$2:$A$4, 0)), "Lỗi dữ liệu"))} -> 0.4 | F64: {=_xlfn.IFS( C64="Road",LOOKUP(D64,{0,50,150},Cost!$B$8:$B$10), C64="Barge",Cost!$B$11, C64="Rail",Cost!$B$12, TRUE,0 )} -> 500000 | G64: =IF(C64="","",IFERROR(INDEX(Cost!$B$16:$B$18, MATCH("*" & C64 & "*", Cost!$A$2:$A$4, 0)), "Lỗi dữ liệu")) -> 20000000 | H64: 1 | I64: 0
A65: KCN1-HP | B65: ICD2-BN | C65: Road | D65: 120 | E65: {=IF(C65="","",IFERROR(INDEX(Cost!$B$2:$B$4, MATCH("*" & C65 & "*", Cost!$A$2:$A$4, 0)), "Lỗi dữ liệu"))} -> 1 | F65: {=_xlfn.IFS( C65="Road",LOOKUP(D65,{0,50,150},Cost!$B$8:$B$10), C65="Barge",Cost!$B$11, C65="Rail",Cost!$B$12, TRUE,0 )} -> 500000 | G65: 0 | H65: 1 | I65: 0
A66: KCN1-HP | B66: ICD2-BN | C66: Barge | D66: 130 | E66: {=IF(C66="","",IFERROR(INDEX(Cost!$B$2:$B$4, MATCH("*" & C66 & "*", Cost!$A$2:$A$4, 0)), "Lỗi dữ liệu"))} -> 0.4 | F66: {=_xlfn.IFS( C66="Road",LOOKUP(D66,{0,50,150},Cost!$B$8:$B$10), C66="Barge",Cost!$B$11, C66="Rail",Cost!$B$12, TRUE,0 )} -> 500000 | G66: 0 | H66: 1 | I66: 0
A67: KCN1-HP | B67: ICD2-BN | C67: Rail | D67: 125 | E67: {=IF(C67="","",IFERROR(INDEX(Cost!$B$2:$B$4, MATCH("*" & C67 & "*", Cost!$A$2:$A$4, 0)), "Lỗi dữ liệu"))} -> 0.25 | F67: {=_xlfn.IFS( C67="Road",LOOKUP(D67,{0,50,150},Cost!$B$8:$B$10), C67="Barge",Cost!$B$11, C67="Rail",Cost!$B$12, TRUE,0 )} -> 1000000 | G67: =IF(C67="","",IFERROR(INDEX(Cost!$B$16:$B$18, MATCH("*" & C67 & "*", Cost!$A$2:$A$4, 0)), "Lỗi dữ liệu")) -> 80000000 | H67: 1 | I67: 0
A68: KCN1-HP | B68: ICD2-HN | C68: Road | D68: 130 | E68: {=IF(C68="","",IFERROR(INDEX(Cost!$B$2:$B$4, MATCH("*" & C68 & "*", Cost!$A$2:$A$4, 0)), "Lỗi dữ liệu"))} -> 1 | F68: {=_xlfn.IFS( C68="Road",LOOKUP(D68,{0,50,150},Cost!$B$8:$B$10), C68="Barge",Cost!$B$11, C68="Rail",Cost!$B$12, TRUE,0 )} -> 500000 | G68: =IF(C68="","",IFERROR(INDEX(Cost!$B$16:$B$18, MATCH("*" & C68 & "*", Cost!$A$2:$A$4, 0)), "Lỗi dữ liệu")) -> 6000000 | H68: 1 | I68: 0
A69: KCN1-HP | B69: ICD2-HN | C69: Barge | D69: 150 | E69: {=IF(C69="","",IFERROR(INDEX(Cost!$B$2:$B$4, MATCH("*" & C69 & "*", Cost!$A$2:$A$4, 0)), "Lỗi dữ liệu"))} -> 0.4 | F69: {=_xlfn.IFS( C69="Road",LOOKUP(D69,{0,50,150},Cost!$B$8:$B$10), C69="Barge",Cost!$B$11, C69="Rail",Cost!$B$12, TRUE,0 )} -> 500000 | G69: =IF(C69="","",IFERROR(INDEX(Cost!$B$16:$B$18, MATCH("*" & C69 & "*", Cost!$A$2:$A$4, 0)), "Lỗi dữ liệu")) -> 20000000 | H69: 1 | I69: 0
A70: KCN1-HP | B70: ICD2-HN | C70: Rail | D70: 145 | E70: {=IF(C70="","",IFERROR(INDEX(Cost!$B$2:$B$4, MATCH("*" & C70 & "*", Cost!$A$2:$A$4, 0)), "Lỗi dữ liệu"))} -> 0.25 | F70: {=_xlfn.IFS( C70="Road",LOOKUP(D70,{0,50,150},Cost!$B$8:$B$10), C70="Barge",Cost!$B$11, C70="Rail",Cost!$B$12, TRUE,0 )} -> 1000000 | G70: =IF(C70="","",IFERROR(INDEX(Cost!$B$16:$B$18, MATCH("*" & C70 & "*", Cost!$A$2:$A$4, 0)), "Lỗi dữ liệu")) -> 80000000 | H70: 1 | I70: 0
A71: KCN1-HP | B71: DC2-BN | C71: Road | D71: 125 | E71: {=IF(C71="","",IFERROR(INDEX(Cost!$B$2:$B$4, MATCH("*" & C71 & "*", Cost!$A$2:$A$4, 0)), "Lỗi dữ liệu"))} -> 1 | F71: {=_xlfn.IFS( C71="Road",LOOKUP(D71,{0,50,150},Cost!$B$8:$B$10), C71="Barge",Cost!$B$11, C71="Rail",Cost!$B$12, TRUE,0 )} -> 500000 | G71: =IF(C71="","",IFERROR(INDEX(Cost!$B$16:$B$18, MATCH("*" & C71 & "*", Cost!$A$2:$A$4, 0)), "Lỗi dữ liệu")) -> 6000000 | H71: 1 | I71: 0
A72: KCN1-HP | B72: DC2-BN | C72: Barge | D72: 135 | E72: {=IF(C72="","",IFERROR(INDEX(Cost!$B$2:$B$4, MATCH("*" & C72 & "*", Cost!$A$2:$A$4, 0)), "Lỗi dữ liệu"))} -> 0.4 | F72: {=_xlfn.IFS( C72="Road",LOOKUP(D72,{0,50,150},Cost!$B$8:$B$10), C72="Barge",Cost!$B$11, C72="Rail",Cost!$B$12, TRUE,0 )} -> 500000 | G72: =IF(C72="","",IFERROR(INDEX(Cost!$B$16:$B$18, MATCH("*" & C72 & "*", Cost!$A$2:$A$4, 0)), "Lỗi dữ liệu")) -> 20000000 | H72: 1 | I72: 0
A73: KCN1-HP | B73: DC2-BN | C73: Rail | D73: 140 | E73: {=IF(C73="","",IFERROR(INDEX(Cost!$B$2:$B$4, MATCH("*" & C73 & "*", Cost!$A$2:$A$4, 0)), "Lỗi dữ liệu"))} -> 0.25 | F73: {=_xlfn.IFS( C73="Road",LOOKUP(D73,{0,50,150},Cost!$B$8:$B$10), C73="Barge",Cost!$B$11, C73="Rail",Cost!$B$12, TRUE,0 )} -> 1000000 | G73: =IF(C73="","",IFERROR(INDEX(Cost!$B$16:$B$18, MATCH("*" & C73 & "*", Cost!$A$2:$A$4, 0)), "Lỗi dữ liệu")) -> 80000000 | H73: 1 | I73: 0
A74: KCN1-HP | B74: KCN2-HN | C74: Road | D74: 135 | E74: {=IF(C74="","",IFERROR(INDEX(Cost!$B$2:$B$4, MATCH("*" & C74 & "*", Cost!$A$2:$A$4, 0)), "Lỗi dữ liệu"))} -> 1 | F74: {=_xlfn.IFS( C74="Road",LOOKUP(D74,{0,50,150},Cost!$B$8:$B$10), C74="Barge",Cost!$B$11, C74="Rail",Cost!$B$12, TRUE,0 )} -> 500000 | G74: =IF(C74="","",IFERROR(INDEX(Cost!$B$16:$B$18, MATCH("*" & C74 & "*", Cost!$A$2:$A$4, 0)), "Lỗi dữ liệu")) -> 6000000 | H74: 1 | I74: 0
A75: KCN1-HP | B75: KCN2-HN | C75: Barge | D75: 155 | E75: {=IF(C75="","",IFERROR(INDEX(Cost!$B$2:$B$4, MATCH("*" & C75 & "*", Cost!$A$2:$A$4, 0)), "Lỗi dữ liệu"))} -> 0.4 | F75: {=_xlfn.IFS( C75="Road",LOOKUP(D75,{0,50,150},Cost!$B$8:$B$10), C75="Barge",Cost!$B$11, C75="Rail",Cost!$B$12, TRUE,0 )} -> 500000 | G75: =IF(C75="","",IFERROR(INDEX(Cost!$B$16:$B$18, MATCH("*" & C75 & "*", Cost!$A$2:$A$4, 0)), "Lỗi dữ liệu")) -> 20000000 | H75: 1 | I75: 0
A76: KCN1-HP | B76: KCN2-HN | C76: Rail | D76: 140 | E76: {=IF(C76="","",IFERROR(INDEX(Cost!$B$2:$B$4, MATCH("*" & C76 & "*", Cost!$A$2:$A$4, 0)), "Lỗi dữ liệu"))} -> 0.25 | F76: {=_xlfn.IFS( C76="Road",LOOKUP(D76,{0,50,150},Cost!$B$8:$B$10), C76="Barge",Cost!$B$11, C76="Rail",Cost!$B$12, TRUE,0 )} -> 1000000 | G76: =IF(C76="","",IFERROR(INDEX(Cost!$B$16:$B$18, MATCH("*" & C76 & "*", Cost!$A$2:$A$4, 0)), "Lỗi dữ liệu")) -> 80000000 | H76: 1 | I76: 0
A77: KCN1-HP | B77: KCN2-BN | C77: Road | D77: 120 | E77: {=IF(C77="","",IFERROR(INDEX(Cost!$B$2:$B$4, MATCH("*" & C77 & "*", Cost!$A$2:$A$4, 0)), "Lỗi dữ liệu"))} -> 1 | F77: {=_xlfn.IFS( C77="Road",LOOKUP(D77,{0,50,150},Cost!$B$8:$B$10), C77="Barge",Cost!$B$11, C77="Rail",Cost!$B$12, TRUE,0 )} -> 500000 | G77: =IF(C77="","",IFERROR(INDEX(Cost!$B$16:$B$18, MATCH("*" & C77 & "*", Cost!$A$2:$A$4, 0)), "Lỗi dữ liệu")) -> 6000000 | H77: 1 | I77: 0
A78: KCN1-HP | B78: KCN2-BN | C78: Rail | D78: 125 | E78: {=IF(C78="","",IFERROR(INDEX(Cost!$B$2:$B$4, MATCH("*" & C78 & "*", Cost!$A$2:$A$4, 0)), "Lỗi dữ liệu"))} -> 0.25 | F78: {=_xlfn.IFS( C78="Road",LOOKUP(D78,{0,50,150},Cost!$B$8:$B$10), C78="Barge",Cost!$B$11, C78="Rail",Cost!$B$12, TRUE,0 )} -> 1000000 | G78: =IF(C78="","",IFERROR(INDEX(Cost!$B$16:$B$18, MATCH("*" & C78 & "*", Cost!$A$2:$A$4, 0)), "Lỗi dữ liệu")) -> 80000000 | H78: 1 | I78: 0
A79: KCN1-HP | B79: KCN2-HY | C79: Road | D79: 100 | E79: {=IF(C79="","",IFERROR(INDEX(Cost!$B$2:$B$4, MATCH("*" & C79 & "*", Cost!$A$2:$A$4, 0)), "Lỗi dữ liệu"))} -> 1 | F79: {=_xlfn.IFS( C79="Road",LOOKUP(D79,{0,50,150},Cost!$B$8:$B$10), C79="Barge",Cost!$B$11, C79="Rail",Cost!$B$12, TRUE,0 )} -> 500000 | G79: 0 | H79: 1 | I79: 0
A80: KCN1-HP | B80: KCN2-HY | C80: Barge | D80: 110 | E80: {=IF(C80="","",IFERROR(INDEX(Cost!$B$2:$B$4, MATCH("*" & C80 & "*", Cost!$A$2:$A$4, 0)), "Lỗi dữ liệu"))} -> 0.4 | F80: {=_xlfn.IFS( C80="Road",LOOKUP(D80,{0,50,150},Cost!$B$8:$B$10), C80="Barge",Cost!$B$11, C80="Rail",Cost!$B$12, TRUE,0 )} -> 500000 | G80: =IF(C80="","",IFERROR(INDEX(Cost!$B$16:$B$18, MATCH("*" & C80 & "*", Cost!$A$2:$A$4, 0)), "Lỗi dữ liệu")) -> 20000000 | H80: 1 | I80: 0
A81: KCN1-HP | B81: MASAN | C81: Road | D81: 110 | E81: {=IF(C81="","",IFERROR(INDEX(Cost!$B$2:$B$4, MATCH("*" & C81 & "*", Cost!$A$2:$A$4, 0)), "Lỗi dữ liệu"))} -> 1 | F81: {=_xlfn.IFS( C81="Road",LOOKUP(D81,{0,50,150},Cost!$B$8:$B$10), C81="Barge",Cost!$B$11, C81="Rail",Cost!$B$12, TRUE,0 )} -> 500000 | G81: =IF(C81="","",IFERROR(INDEX(Cost!$B$16:$B$18, MATCH("*" & C81 & "*", Cost!$A$2:$A$4, 0)), "Lỗi dữ liệu")) -> 6000000 | H81: 1 | I81: 0
A82: KCN1-HP | B82: MASAN | C82: Barge | D82: 120 | E82: {=IF(C82="","",IFERROR(INDEX(Cost!$B$2:$B$4, MATCH("*" & C82 & "*", Cost!$A$2:$A$4, 0)), "Lỗi dữ liệu"))} -> 0.4 | F82: {=_xlfn.IFS( C82="Road",LOOKUP(D82,{0,50,150},Cost!$B$8:$B$10), C82="Barge",Cost!$B$11, C82="Rail",Cost!$B$12, TRUE,0 )} -> 500000 | G82: =IF(C82="","",IFERROR(INDEX(Cost!$B$16:$B$18, MATCH("*" & C82 & "*", Cost!$A$2:$A$4, 0)), "Lỗi dữ liệu")) -> 20000000 | H82: 1 | I82: 0
A83: KCN1-HP | B83: MASAN | C83: Rail | D83: 115 | E83: {=IF(C83="","",IFERROR(INDEX(Cost!$B$2:$B$4, MATCH("*" & C83 & "*", Cost!$A$2:$A$4, 0)), "Lỗi dữ liệu"))} -> 0.25 | F83: {=_xlfn.IFS( C83="Road",LOOKUP(D83,{0,50,150},Cost!$B$8:$B$10), C83="Barge",Cost!$B$11, C83="Rail",Cost!$B$12, TRUE,0 )} -> 1000000 | G83: =IF(C83="","",IFERROR(INDEX(Cost!$B$16:$B$18, MATCH("*" & C83 & "*", Cost!$A$2:$A$4, 0)), "Lỗi dữ liệu")) -> 80000000 | H83: 1 | I83: 0
A84: KCN1-HP | B84: AEON | C84: Road | D84: 130 | E84: {=IF(C84="","",IFERROR(INDEX(Cost!$B$2:$B$4, MATCH("*" & C84 & "*", Cost!$A$2:$A$4, 0)), "Lỗi dữ liệu"))} -> 1 | F84: {=_xlfn.IFS( C84="Road",LOOKUP(D84,{0,50,150},Cost!$B$8:$B$10), C84="Barge",Cost!$B$11, C84="Rail",Cost!$B$12, TRUE,0 )} -> 500000 | G84: =IF(C84="","",IFERROR(INDEX(Cost!$B$16:$B$18, MATCH("*" & C84 & "*", Cost!$A$2:$A$4, 0)), "Lỗi dữ liệu")) -> 6000000 | H84: 1 | I84: 0
A85: KCN1-HP | B85: AEON | C85: Barge | D85: 150 | E85: {=IF(C85="","",IFERROR(INDEX(Cost!$B$2:$B$4, MATCH("*" & C85 & "*", Cost!$A$2:$A$4, 0)), "Lỗi dữ liệu"))} -> 0.4 | F85: {=_xlfn.IFS( C85="Road",LOOKUP(D85,{0,50,150},Cost!$B$8:$B$10), C85="Barge",Cost!$B$11, C85="Rail",Cost!$B$12, TRUE,0 )} -> 500000 | G85: =IF(C85="","",IFERROR(INDEX(Cost!$B$16:$B$18, MATCH("*" & C85 & "*", Cost!$A$2:$A$4, 0)), "Lỗi dữ liệu")) -> 20000000 | H85: 1 | I85: 0
A86: KCN1-HP | B86: AEON | C86: Rail | D86: 145 | E86: {=IF(C86="","",IFERROR(INDEX(Cost!$B$2:$B$4, MATCH("*" & C86 & "*", Cost!$A$2:$A$4, 0)), "Lỗi dữ liệu"))} -> 0.25 | F86: {=_xlfn.IFS( C86="Road",LOOKUP(D86,{0,50,150},Cost!$B$8:$B$10), C86="Barge",Cost!$B$11, C86="Rail",Cost!$B$12, TRUE,0 )} -> 1000000 | G86: =IF(C86="","",IFERROR(INDEX(Cost!$B$16:$B$18, MATCH("*" & C86 & "*", Cost!$A$2:$A$4, 0)), "Lỗi dữ liệu")) -> 80000000 | H86: 1 | I86: 0
A87: CS1-HP | B87: CẢNG LẠCH HUYỆN | C87: Road | D87: 35 | E87: {=IF(C87="","",IFERROR(INDEX(Cost!$B$2:$B$4, MATCH("*" & C87 & "*", Cost!$A$2:$A$4, 0)), "Lỗi dữ liệu"))} -> 1 | F87: {=_xlfn.IFS( C87="Road",LOOKUP(D87,{0,50,150},Cost!$B$8:$B$10), C87="Barge",Cost!$B$11, C87="Rail",Cost!$B$12, TRUE,0 )} -> 800000 | G87: =IF(C87="","",IFERROR(INDEX(Cost!$B$16:$B$18, MATCH("*" & C87 & "*", Cost!$A$2:$A$4, 0)), "Lỗi dữ liệu")) -> 6000000 | H87: 1 | I87: 1
A88: CS1-HP | B88: CẢNG LẠCH HUYỆN | C88: Barge | D88: 40 | E88: {=IF(C88="","",IFERROR(INDEX(Cost!$B$2:$B$4, MATCH("*" & C88 & "*", Cost!$A$2:$A$4, 0)), "Lỗi dữ liệu"))} -> 0.4 | F88: {=_xlfn.IFS( C88="Road",LOOKUP(D88,{0,50,150},Cost!$B$8:$B$10), C88="Barge",Cost!$B$11, C88="Rail",Cost!$B$12, TRUE,0 )} -> 500000 | G88: 0 | H88: 1 | I88: 1
A89: CS1-HP | B89: ICD1-HP | C89: Road | D89: 10 | E89: {=IF(C89="","",IFERROR(INDEX(Cost!$B$2:$B$4, MATCH("*" & C89 & "*", Cost!$A$2:$A$4, 0)), "Lỗi dữ liệu"))} -> 1 | F89: {=_xlfn.IFS( C89="Road",LOOKUP(D89,{0,50,150},Cost!$B$8:$B$10), C89="Barge",Cost!$B$11, C89="Rail",Cost!$B$12, TRUE,0 )} -> 800000 | G89: =IF(C89="","",IFERROR(INDEX(Cost!$B$16:$B$18, MATCH("*" & C89 & "*", Cost!$A$2:$A$4, 0)), "Lỗi dữ liệu")) -> 6000000 | H89: 1 | I89: 0
A90: CS1-HP | B90: ICD1-HP | C90: Barge | D90: 12 | E90: {=IF(C90="","",IFERROR(INDEX(Cost!$B$2:$B$4, MATCH("*" & C90 & "*", Cost!$A$2:$A$4, 0)), "Lỗi dữ liệu"))} -> 0.4 | F90: {=_xlfn.IFS( C90="Road",LOOKUP(D90,{0,50,150},Cost!$B$8:$B$10), C90="Barge",Cost!$B$11, C90="Rail",Cost!$B$12, TRUE,0 )} -> 500000 | G90: =IF(C90="","",IFERROR(INDEX(Cost!$B$16:$B$18, MATCH("*" & C90 & "*", Cost!$A$2:$A$4, 0)), "Lỗi dữ liệu")) -> 20000000 | H90: 1 | I90: 0
A91: CS1-HP | B91: KCN1-HP | C91: Road | D91: 20 | E91: {=IF(C91="","",IFERROR(INDEX(Cost!$B$2:$B$4, MATCH("*" & C91 & "*", Cost!$A$2:$A$4, 0)), "Lỗi dữ liệu"))} -> 1 | F91: {=_xlfn.IFS( C91="Road",LOOKUP(D91,{0,50,150},Cost!$B$8:$B$10), C91="Barge",Cost!$B$11, C91="Rail",Cost!$B$12, TRUE,0 )} -> 800000 | G91: =IF(C91="","",IFERROR(INDEX(Cost!$B$16:$B$18, MATCH("*" & C91 & "*", Cost!$A$2:$A$4, 0)), "Lỗi dữ liệu")) -> 6000000 | H91: 1 | I91: 0
A92: CS1-HP | B92: KCN1-HP | C92: Barge | D92: 25 | E92: {=IF(C92="","",IFERROR(INDEX(Cost!$B$2:$B$4, MATCH("*" & C92 & "*", Cost!$A$2:$A$4, 0)), "Lỗi dữ liệu"))} -> 0.4 | F92: {=_xlfn.IFS( C92="Road",LOOKUP(D92,{0,50,150},Cost!$B$8:$B$10), C92="Barge",Cost!$B$11, C92="Rail",Cost!$B$12, TRUE,0 )} -> 500000 | G92: =IF(C92="","",IFERROR(INDEX(Cost!$B$16:$B$18, MATCH("*" & C92 & "*", Cost!$A$2:$A$4, 0)), "Lỗi dữ liệu")) -> 20000000 | H92: 1 | I92: 0
A93: CS1-HP | B93: ICD2-BN | C93: Road | D93: 110 | E93: {=IF(C93="","",IFERROR(INDEX(Cost!$B$2:$B$4, MATCH("*" & C93 & "*", Cost!$A$2:$A$4, 0)), "Lỗi dữ liệu"))} -> 1 | F93: {=_xlfn.IFS( C93="Road",LOOKUP(D93,{0,50,150},Cost!$B$8:$B$10), C93="Barge",Cost!$B$11, C93="Rail",Cost!$B$12, TRUE,0 )} -> 500000 | G93: =IF(C93="","",IFERROR(INDEX(Cost!$B$16:$B$18, MATCH("*" & C93 & "*", Cost!$A$2:$A$4, 0)), "Lỗi dữ liệu")) -> 6000000 | H93: 1 | I93: 0
A94: CS1-HP | B94: ICD2-BN | C94: Barge | D94: 130 | E94: {=IF(C94="","",IFERROR(INDEX(Cost!$B$2:$B$4, MATCH("*" & C94 & "*", Cost!$A$2:$A$4, 0)), "Lỗi dữ liệu"))} -> 0.4 | F94: {=_xlfn.IFS( C94="Road",LOOKUP(D94,{0,50,150},Cost!$B$8:$B$10), C94="Barge",Cost!$B$11, C94="Rail",Cost!$B$12, TRUE,0 )} -> 500000 | G94: 0 | H94: 1 | I94: 0
A95: CS1-HP | B95: ICD2-BN | C95: Rail | D95: 160 | E95: {=IF(C95="","",IFERROR(INDEX(Cost!$B$2:$B$4, MATCH("*" & C95 & "*", Cost!$A$2:$A$4, 0)), "Lỗi dữ liệu"))} -> 0.25 | F95: {=_xlfn.IFS( C95="Road",LOOKUP(D95,{0,50,150},Cost!$B$8:$B$10), C95="Barge",Cost!$B$11, C95="Rail",Cost!$B$12, TRUE,0 )} -> 1000000 | G95: =IF(C95="","",IFERROR(INDEX(Cost!$B$16:$B$18, MATCH("*" & C95 & "*", Cost!$A$2:$A$4, 0)), "Lỗi dữ liệu")) -> 80000000 | H95: 1 | I95: 0
A96: CS1-HP | B96: ICD2-HN | C96: Road | D96: 120 | E96: {=IF(C96="","",IFERROR(INDEX(Cost!$B$2:$B$4, MATCH("*" & C96 & "*", Cost!$A$2:$A$4, 0)), "Lỗi dữ liệu"))} -> 1 | F96: {=_xlfn.IFS( C96="Road",LOOKUP(D96,{0,50,150},Cost!$B$8:$B$10), C96="Barge",Cost!$B$11, C96="Rail",Cost!$B$12, TRUE,0 )} -> 500000 | G96: =IF(C96="","",IFERROR(INDEX(Cost!$B$16:$B$18, MATCH("*" & C96 & "*", Cost!$A$2:$A$4, 0)), "Lỗi dữ liệu")) -> 6000000 | H96: 1 | I96: 0
A97: CS1-HP | B97: ICD2-HN | C97: Barge | D97: 145 | E97: {=IF(C97="","",IFERROR(INDEX(Cost!$B$2:$B$4, MATCH("*" & C97 & "*", Cost!$A$2:$A$4, 0)), "Lỗi dữ liệu"))} -> 0.4 | F97: {=_xlfn.IFS( C97="Road",LOOKUP(D97,{0,50,150},Cost!$B$8:$B$10), C97="Barge",Cost!$B$11, C97="Rail",Cost!$B$12, TRUE,0 )} -> 500000 | G97: =IF(C97="","",IFERROR(INDEX(Cost!$B$16:$B$18, MATCH("*" & C97 & "*", Cost!$A$2:$A$4, 0)), "Lỗi dữ liệu")) -> 20000000 | H97: 1 | I97: 0
A98: CS1-HP | B98: ICD2-HN | C98: Rail | D98: 135 | E98: {=IF(C98="","",IFERROR(INDEX(Cost!$B$2:$B$4, MATCH("*" & C98 & "*", Cost!$A$2:$A$4, 0)), "Lỗi dữ liệu"))} -> 0.25 | F98: {=_xlfn.IFS( C98="Road",LOOKUP(D98,{0,50,150},Cost!$B$8:$B$10), C98="Barge",Cost!$B$11, C98="Rail",Cost!$B$12, TRUE,0 )} -> 1000000 | G98: =IF(C98="","",IFERROR(INDEX(Cost!$B$16:$B$18, MATCH("*" & C98 & "*", Cost!$A$2:$A$4, 0)), "Lỗi dữ liệu")) -> 80000000 | H98: 1 | I98: 0
A99: CS1-HP | B99: DC2-BN | C99: Road | D99: 115 | E99: {=IF(C99="","",IFERROR(INDEX(Cost!$B$2:$B$4, MATCH("*" & C99 & "*", Cost!$A$2:$A$4, 0)), "Lỗi dữ liệu"))} -> 1 | F99: {=_xlfn.IFS( C99="Road",LOOKUP(D99,{0,50,150},Cost!$B$8:$B$10), C99="Barge",Cost!$B$11, C99="Rail",Cost!$B$12, TRUE,0 )} -> 500000 | G99: =IF(C99="","",IFERROR(INDEX(Cost!$B$16:$B$18, MATCH("*" & C99 & "*", Cost!$A$2:$A$4, 0)), "Lỗi dữ liệu")) -> 6000000 | H99: 1 | I99: 0
A100: CS1-HP | B100: DC2-BN | C100: Barge | D100: 135 | E100: {=IF(C100="","",IFERROR(INDEX(Cost!$B$2:$B$4, MATCH("*" & C100 & "*", Cost!$A$2:$A$4, 0)), "Lỗi dữ liệu"))} -> 0.4 | F100: {=_xlfn.IFS( C100="Road",LOOKUP(D100,{0,50,150},Cost!$B$8:$B$10), C100="Barge",Cost!$B$11, C100="Rail",Cost!$B$12, TRUE,0 )} -> 500000 | G100: =IF(C100="","",IFERROR(INDEX(Cost!$B$16:$B$18, MATCH("*" & C100 & "*", Cost!$A$2:$A$4, 0)), "Lỗi dữ liệu")) -> 20000000 | H100: 1 | I100: 0
A101: CS1-HP | B101: DC2-BN | C101: Rail | D101: 125 | E101: {=IF(C101="","",IFERROR(INDEX(Cost!$B$2:$B$4, MATCH("*" & C101 & "*", Cost!$A$2:$A$4, 0)), "Lỗi dữ liệu"))} -> 0.25 | F101: {=_xlfn.IFS( C101="Road",LOOKUP(D101,{0,50,150},Cost!$B$8:$B$10), C101="Barge",Cost!$B$11, C101="Rail",Cost!$B$12, TRUE,0 )} -> 1000000 | G101: 0 | H101: 1 | I101: 0
A102: CS1-HP | B102: KCN2-HN | C102: Road | D102: 130 | E102: {=IF(C102="","",IFERROR(INDEX(Cost!$B$2:$B$4, MATCH("*" & C102 & "*", Cost!$A$2:$A$4, 0)), "Lỗi dữ liệu"))} -> 1 | F102: {=_xlfn.IFS( C102="Road",LOOKUP(D102,{0,50,150},Cost!$B$8:$B$10), C102="Barge",Cost!$B$11, C102="Rail",Cost!$B$12, TRUE,0 )} -> 500000 | G102: =IF(C102="","",IFERROR(INDEX(Cost!$B$16:$B$18, MATCH("*" & C102 & "*", Cost!$A$2:$A$4, 0)), "Lỗi dữ liệu")) -> 6000000 | H102: 1 | I102: 0
A103: CS1-HP | B103: KCN2-HN | C103: Barge | D103: 155 | E103: {=IF(C103="","",IFERROR(INDEX(Cost!$B$2:$B$4, MATCH("*" & C103 & "*", Cost!$A$2:$A$4, 0)), "Lỗi dữ liệu"))} -> 0.4 | F103: {=_xlfn.IFS( C103="Road",LOOKUP(D103,{0,50,150},Cost!$B$8:$B$10), C103="Barge",Cost!$B$11, C103="Rail",Cost!$B$12, TRUE,0 )} -> 500000 | G103: =IF(C103="","",IFERROR(INDEX(Cost!$B$16:$B$18, MATCH("*" & C103 & "*", Cost!$A$2:$A$4, 0)), "Lỗi dữ liệu")) -> 20000000 | H103: 1 | I103: 0
A104: CS1-HP | B104: KCN2-HN | C104: Rail | D104: 140 | E104: {=IF(C104="","",IFERROR(INDEX(Cost!$B$2:$B$4, MATCH("*" & C104 & "*", Cost!$A$2:$A$4, 0)), "Lỗi dữ liệu"))} -> 0.25 | F104: {=_xlfn.IFS( C104="Road",LOOKUP(D104,{0,50,150},Cost!$B$8:$B$10), C104="Barge",Cost!$B$11, C104="Rail",Cost!$B$12, TRUE,0 )} -> 1000000 | G104: =IF(C104="","",IFERROR(INDEX(Cost!$B$16:$B$18, MATCH("*" & C104 & "*", Cost!$A$2:$A$4, 0)), "Lỗi dữ liệu")) -> 80000000 | H104: 1 | I104: 0
A105: CS1-HP | B105: KCN2-BN | C105: Road | D105: 105 | E105: {=IF(C105="","",IFERROR(INDEX(Cost!$B$2:$B$4, MATCH("*" & C105 & "*", Cost!$A$2:$A$4, 0)), "Lỗi dữ liệu"))} -> 1 | F105: {=_xlfn.IFS( C105="Road",LOOKUP(D105,{0,50,150},Cost!$B$8:$B$10), C105="Barge",Cost!$B$11, C105="Rail",Cost!$B$12, TRUE,0 )} -> 500000 | G105: =IF(C105="","",IFERROR(INDEX(Cost!$B$16:$B$18, MATCH("*" & C105 & "*", Cost!$A$2:$A$4, 0)), "Lỗi dữ liệu")) -> 6000000 | H105: 1 | I105: 0
A106: CS1-HP | B106: KCN2-BN | C106: Barge | D106: 125 | E106: {=IF(C106="","",IFERROR(INDEX(Cost!$B$2:$B$4, MATCH("*" & C106 & "*", Cost!$A$2:$A$4, 0)), "Lỗi dữ liệu"))} -> 0.4 | F106: {=_xlfn.IFS( C106="Road",LOOKUP(D106,{0,50,150},Cost!$B$8:$B$10), C106="Barge",Cost!$B$11, C106="Rail",Cost!$B$12, TRUE,0 )} -> 500000 | G106: =IF(C106="","",IFERROR(INDEX(Cost!$B$16:$B$18, MATCH("*" & C106 & "*", Cost!$A$2:$A$4, 0)), "Lỗi dữ liệu")) -> 20000000 | H106: 1 | I106: 0
A107: CS1-HP | B107: KCN2-BN | C107: Rail | D107: 115 | E107: {=IF(C107="","",IFERROR(INDEX(Cost!$B$2:$B$4, MATCH("*" & C107 & "*", Cost!$A$2:$A$4, 0)), "Lỗi dữ liệu"))} -> 0.25 | F107: {=_xlfn.IFS( C107="Road",LOOKUP(D107,{0,50,150},Cost!$B$8:$B$10), C107="Barge",Cost!$B$11, C107="Rail",Cost!$B$12, TRUE,0 )} -> 1000000 | G107: =IF(C107="","",IFERROR(INDEX(Cost!$B$16:$B$18, MATCH("*" & C107 & "*", Cost!$A$2:$A$4, 0)), "Lỗi dữ liệu")) -> 80000000 | H107: 1 | I107: 0
A108: CS1-HP | B108: KCN2-HY | C108: Road | D108: 90 | E108: {=IF(C108="","",IFERROR(INDEX(Cost!$B$2:$B$4, MATCH("*" & C108 & "*", Cost!$A$2:$A$4, 0)), "Lỗi dữ liệu"))} -> 1 | F108: {=_xlfn.IFS( C108="Road",LOOKUP(D108,{0,50,150},Cost!$B$8:$B$10), C108="Barge",Cost!$B$11, C108="Rail",Cost!$B$12, TRUE,0 )} -> 500000 | G108: =IF(C108="","",IFERROR(INDEX(Cost!$B$16:$B$18, MATCH("*" & C108 & "*", Cost!$A$2:$A$4, 0)), "Lỗi dữ liệu")) -> 6000000 | H108: 1 | I108: 0
A109: CS1-HP | B109: KCN2-HY | C109: Barge | D109: 130 | E109: {=IF(C109="","",IFERROR(INDEX(Cost!$B$2:$B$4, MATCH("*" & C109 & "*", Cost!$A$2:$A$4, 0)), "Lỗi dữ liệu"))} -> 0.4 | F109: {=_xlfn.IFS( C109="Road",LOOKUP(D109,{0,50,150},Cost!$B$8:$B$10), C109="Barge",Cost!$B$11, C109="Rail",Cost!$B$12, TRUE,0 )} -> 500000 | G109: =IF(C109="","",IFERROR(INDEX(Cost!$B$16:$B$18, MATCH("*" & C109 & "*", Cost!$A$2:$A$4, 0)), "Lỗi dữ liệu")) -> 20000000 | H109: 1 | I109: 0
A110: CS1-HP | B110: MASAN | C110: Road | D110: 100 | E110: {=IF(C110="","",IFERROR(INDEX(Cost!$B$2:$B$4, MATCH("*" & C110 & "*", Cost!$A$2:$A$4, 0)), "Lỗi dữ liệu"))} -> 1 | F110: {=_xlfn.IFS( C110="Road",LOOKUP(D110,{0,50,150},Cost!$B$8:$B$10), C110="Barge",Cost!$B$11, C110="Rail",Cost!$B$12, TRUE,0 )} -> 500000 | G110: =IF(C110="","",IFERROR(INDEX(Cost!$B$16:$B$18, MATCH("*" & C110 & "*", Cost!$A$2:$A$4, 0)), "Lỗi dữ liệu")) -> 6000000 | H110: 1 | I110: 0
...

Sheet Supply
A1: IP | B1: Supply
A2: CẢNG LẠCH HUYỆN | B2: 1300 | C2: (Đơn vị: 1000 TEU)
A3: KCN2-BN | B3: 2000
A4: KCN1-HP | B4: 700

Sheet Demand
A1: DC | B1: Demand
A2: DC2-BN | B2: 280 | C2: (Đơn vị: 1000 TEU)
A3: KCN2-HN | B3: 480
A4: KCN2-HY | B4: 900
A5: MASAN | B5: 400
A6: AEON | B6: 5

Sheet Params
A1: Key | B1: Value
A2: exportDemand | B2: =(SUM(Supply!B2:B100) - SUMIF(Demand!A2:A100, "<>*CẢNG LẠCH HUYỆN*", Demand!B2:B100))*1000 -> 1935000
A3: BigM | B3: 5000000
A4: KL | B4: 1000000000
A5: KICD | B5: 1000000000
A6: KPORT | B6: 1000000000
A7: hL | B7: 8
A8: hICD | B8: 10
A9: hPORT | B9: 6
A10: K_road | B10: Inf
A11: K_rail | B11: Inf
A12: K_water | B12: Inf
A13: K_sea | B13: Inf
A14: EF_road | B14: 0.12
A15: EF_rail | B15: 0.05
A16: EF_barge | B16: 0.03
A17: EF_sea | B17: 0.02
A18: Emax
A19: lambdaCO2 | B19: 1
A20: TimeLimit | B20: 10

Sheet Cách giả định Cap
A1: Từ các nghiên cứu về hub logistics và relay networks:
A3: Nếu bạn có dữ liệu đội xe và kế hoạch khai thác, có thể đặt:
A4: Sức chứa tuyến i–j (TEU/ngày) = (số chuyến/ngày trên i–j) × (TEU/trip)
A5: Nếu chưa có số liệu chi tiết đội xe:
A6: Dùng “công suất thiết kế” của tuyến dựa trên: năng lực cảng/hub liên quan và mức sử dụng mong muốn (ví dụ 70–80% để tránh tắc nghẽn), giống các mô hình capacity deployment 3457+1 MORE.
A7: Trong mô hình MIP, bạn có thể:
A8: Đặt giới hạn luồng trên arc bằng biến số xe × tải trọng, với số xe bị giới hạn bởi chi phí/hợp đồng;
A9: Hoặc dùng ngưỡng cố định rút ra từ tổng công suất hub chia cho số tuyến kết nối, rồi kiểm tra độ nhạy (sensitivity analysis), cách làm phổ biến trong các bài toán hub logistics
